user_id,book_id,rating
25916,4529,4
15863,4529,5
34734,4529,5
35727,4529,4
35995,4529,5
33462,4529,5
36671,4529,3
36991,4529,4
37205,4529,4
37282,4529,5
37407,4529,3
37416,4529,3
36690,4529,5
12408,4529,3
37571,4529,3
1904,4529,4
37898,4529,5
38062,4529,3
38482,4529,4
34927,4529,3
39250,4529,4
34724,4529,4
15749,4529,3
43773,4529,4
43967,4529,5
36163,4529,4
44423,4529,4
44446,4529,4
1396,4529,5
44793,4529,5
47197,4529,5
47315,4529,4
49394,4529,5
8227,4529,3
10766,4529,4
9432,4707,4
12055,4707,3
12783,4707,5
15114,4707,4
18703,4707,4
19574,4707,2
20453,4707,3
22863,4707,5
26535,4707,4
24604,4707,3
26807,4707,3
28706,4707,5
20806,4707,3
11772,4707,4
35868,4707,3
29439,4707,2
26542,4707,4
39775,4707,4
39878,4707,4
41109,4707,4
42000,4707,5
43132,4707,4
43545,4707,1
27931,4707,3
26521,4707,2
38750,4707,3
51745,4707,5
51889,4707,5
32448,4707,4
6774,4732,4
3839,4732,3
7241,4732,4
2462,4732,3
8767,4732,2
9410,4732,3
9605,4732,5
10923,4732,4
6835,4732,4
2596,4732,3
12561,4732,1
17921,4732,2
18553,4732,4
19253,4732,5
21755,4732,3
3491,4732,4
26035,4732,4
26740,4732,4
34235,4732,4
38051,4732,4
38076,4732,5
39878,4732,4
35497,4732,4
25169,4732,3
44840,4732,3
45209,4732,3
45944,4732,2
47137,4732,4
45255,4732,5
39907,4732,3
1557,4732,4
23636,4732,5
1092,4732,4
17445,4732,4
11302,4963,1
23695,4963,4
25106,4963,2
12866,4963,4
31666,4963,5
31416,4963,4
38531,4963,3
44483,4963,5
41719,4963,5
17811,4963,4
46578,4963,5
24473,4963,3
33522,4963,3
46213,4963,5
42588,4963,3
52974,4963,5
19855,4963,4
43907,4963,4
10974,4963,3
48262,4963,4
48022,4963,4
45252,4963,5
16420,5280,5
21234,5280,4
9178,5280,4
8533,5280,4
51445,5280,1
40294,5280,5
51662,5280,4
51826,5280,1
11590,5280,4
801,5280,4
2193,5280,2
28380,5280,3
4236,5280,3
7267,5280,5
970,5280,4
8337,5280,3
49084,5280,2
52711,5280,4
45932,5280,3
52179,5280,4
171,5399,5
26,5399,5
1485,5399,5
3585,5399,5
5479,5399,3
8155,5399,3
11163,5399,4
14822,5399,5
17240,5399,5
22174,5399,4
22195,5399,4
24703,5399,4
15429,5399,2
33475,5399,3
35198,5399,5
35994,5399,4
37247,5399,5
24568,5399,4
40780,5399,5
44080,5399,4
44199,5399,5
46404,5399,5
42605,5399,4
48484,5399,5
50870,5399,4
32361,5399,4
51160,5399,4
9585,5399,4
22879,5399,4
15612,5399,5
50400,5399,5
1812,5399,5
2099,5399,5
12460,5399,4
51058,5399,5
45663,5399,5
3458,5399,5
39377,5399,5
24179,5819,5
15965,5819,3
31726,5819,4
45148,5819,4
27018,5819,3
3323,5819,3
5958,5819,3
19303,5819,4
28742,5819,4
43138,5819,5
17745,5819,5
4068,5819,2
26442,5819,3
48312,5819,4
48313,5819,2
44667,5819,5
6508,5819,4
32448,5819,5
36336,5819,4
48684,5819,3
36285,5819,3
107,5819,3
9745,5819,4
3924,5819,3
26093,5819,3
49276,5819,4
28429,5819,4
53191,5819,1
50171,5819,4
47157,5819,5
27999,5819,4
39923,5819,3
15725,5822,5
7339,5822,4
15965,5822,3
21591,5822,3
21870,5822,3
19427,5822,5
18263,5822,4
19321,5822,3
31951,5822,4
31727,5822,3
32766,5822,5
31130,5822,4
6926,5822,2
11211,5822,5
23682,5822,3
44007,5822,3
15000,5822,4
46826,5822,5
33765,5822,2
35918,5822,4
45111,5822,5
44597,5822,3
52403,5822,2
47177,5822,4
2156,5994,4
122,5994,5
4689,5994,3
5928,5994,5
12987,5994,2
19855,5994,4
23695,5994,4
26506,5994,5
26738,5994,5
29683,5994,5
30295,5994,3
10389,5994,3
28517,5994,3
44483,5994,4
37594,5994,4
47177,5994,5
47208,5994,4
35103,5994,3
23575,5994,4
49253,5994,2
46229,5994,3
47550,5994,5
51911,5994,3
50679,5994,1
4684,6025,3
5730,6025,3
6181,6025,4
515,6025,4
9275,6025,4
13482,6025,5
7111,6025,3
7421,6025,5
7364,6025,3
18238,6025,4
19176,6025,4
17484,6025,4
21216,6025,3
26018,6025,5
26515,6025,5
27302,6025,5
28337,6025,5
27200,6025,4
30492,6025,3
30956,6025,5
31170,6025,4
31776,6025,4
34158,6025,4
36109,6025,3
38398,6025,4
41532,6025,4
41865,6025,5
41617,6025,5
47676,6025,2
24743,6025,4
43163,6025,4
48358,6025,4
24508,6025,2
50873,6025,4
52424,6025,5
52904,6025,5
7567,6025,3
8251,6076,4
9716,6076,4
6625,6076,4
8026,6076,3
18207,6076,3
18661,6076,3
12659,6076,4
21592,6076,4
18238,6076,4
24609,6076,5
19823,6076,5
5224,6076,3
35147,6076,4
37387,6076,5
33752,6076,4
39906,6076,3
31128,6076,3
39905,6076,4
44073,6076,4
45204,6076,4
5232,6076,4
41580,6076,5
13918,6076,5
48757,6076,4
39256,6076,5
26159,6076,5
26906,6076,5
49253,6076,4
47071,6076,4
51925,6076,1
53421,6076,5
53376,6076,3
30464,6076,2
52746,6076,5
29759,6241,3
8533,6241,5
53136,6241,2
3801,6241,5
37402,6241,2
1982,6241,3
35455,6241,4
5532,6241,4
2560,6241,4
970,6241,4
1566,6241,3
1360,6241,4
33460,6241,4
48224,6241,5
964,6241,5
38166,6241,4
31622,6241,2
6684,6241,2
33180,6241,3
16420,6241,4
23472,6241,4
15288,6241,4
46003,6241,5
40712,6241,4
52711,6241,4
10234,6241,4
31319,6241,5
344,6283,4
1228,6283,1
2019,6283,3
6002,6283,4
7918,6283,4
1003,6283,4
12622,6283,3
14172,6283,4
1674,6283,4
13436,6283,2
17713,6283,5
21127,6283,5
8875,6283,3
6250,6283,4
14010,6283,3
25912,6283,5
29513,6283,3
30161,6283,5
23363,6283,4
22102,6283,4
33557,6283,2
29439,6283,4
42416,6283,3
42215,6283,4
44007,6283,4
36109,6283,3
14053,6283,5
19179,6283,3
45106,6283,3
11183,6283,4
37941,6283,3
46247,6283,4
51585,6283,4
52774,6283,4
51041,6283,4
48506,6283,3
52760,6283,3
8627,6283,3
51612,6283,3
53110,6283,4
10182,6283,5
13020,6295,4
19028,6295,4
33984,6295,3
20013,6295,3
35724,6295,5
37094,6295,4
29989,6295,4
31130,6295,4
35717,6295,3
19674,6295,4
17336,6295,4
25257,6295,4
41960,6295,5
47638,6295,4
33155,6295,3
8405,6295,5
52381,6295,4
25222,6295,4
31755,6295,3
26375,6295,4
53341,6295,4
14675,6295,4
8557,6295,4
39288,6295,3
18646,6295,4
14371,6295,4
31886,6295,3
21664,6295,5
23929,6295,4
25535,6295,4
1892,6300,4
2462,6300,3
8749,6300,3
6072,6300,2
8772,6300,5
10600,6300,3
10923,6300,4
7318,6300,4
13698,6300,3
5839,6300,3
17394,6300,4
20171,6300,2
14078,6300,4
19121,6300,2
25715,6300,5
16742,6300,2
30776,6300,5
31431,6300,3
32429,6300,5
7500,6300,1
33513,6300,4
13767,6300,4
37207,6300,3
44840,6300,4
18264,6300,4
46343,6300,5
30477,6300,5
48506,6300,3
53397,6300,4
32761,6300,2
2726,6399,4
4540,6399,4
4048,6399,3
1540,6399,3
2743,6399,1
14124,6399,3
15505,6399,3
16585,6399,3
17567,6399,2
17496,6399,3
22050,6399,3
18017,6399,4
24332,6399,3
25893,6399,3
27290,6399,3
27823,6399,4
10734,6399,4
28468,6399,4
28785,6399,4
19550,6399,3
32761,6399,5
37423,6399,5
38406,6399,3
43186,6399,3
26121,6399,3
43440,6399,3
47231,6399,4
30675,6399,3
47879,6399,3
25772,6399,4
27306,6399,3
20581,6399,4
37313,6399,5
47841,6399,3
10320,6494,3
19989,6494,4
15108,6494,4
24837,6494,4
11580,6494,4
27987,6494,5
36363,6494,2
12743,6494,4
23650,6494,3
27064,6494,5
30524,6494,4
30090,6494,4
45954,6494,4
16037,6494,5
41649,6494,5
37530,6494,4
44734,6494,4
49243,6494,4
30413,6494,3
22619,6494,4
17847,6494,3
48485,6494,5
46460,6494,4
45469,6494,4
31368,6494,4
51449,6494,5
17121,6494,5
50742,6494,3
12597,6494,4
27487,6494,4
13901,6494,5
36937,6494,4
45548,6494,5
2093,6544,4
5298,6544,3
8371,6544,5
3423,6544,4
8826,6544,4
23842,6544,4
13888,6544,4
27376,6544,5
31128,6544,3
4745,6544,3
33213,6544,4
409,6544,4
16000,6544,3
33767,6544,4
36434,6544,3
37754,6544,5
29203,6544,5
33862,6544,5
32724,6544,5
42072,6544,4
41641,6544,4
37376,6544,4
20129,6544,4
48269,6544,5
50261,6544,3
45514,6544,4
44314,6544,3
32609,6544,4
52756,6544,5
15749,6544,3
5139,6544,2
18580,6544,5
33851,6544,4
9285,6564,5
10885,6564,4
7091,6564,4
7931,6564,4
14602,6564,5
6199,6564,5
18492,6564,5
18888,6564,4
21256,6564,3
17139,6564,4
30833,6564,2
28462,6564,5
35421,6564,4
35456,6564,3
28242,6564,4
41810,6564,4
42257,6564,5
44882,6564,3
46662,6564,3
41361,6564,5
14826,6564,3
42664,6564,4
52746,6564,4
52940,6564,5
28839,6564,3
2113,6564,4
9301,6571,3
16723,6571,3
4935,6571,4
24875,6571,5
28879,6571,5
19823,6571,4
7728,6571,5
34221,6571,5
21387,6571,5
35196,6571,4
4733,6571,4
36279,6571,2
36602,6571,5
31130,6571,5
39365,6571,5
12109,6571,4
16501,6571,4
21350,6571,3
17783,6571,4
44855,6571,5
44601,6571,2
47731,6571,5
38675,6571,3
21714,6571,3
48575,6571,4
50481,6571,5
46663,6571,3
51496,6571,4
52961,6571,4
6044,6571,4
3133,6673,4
9230,6673,4
10216,6673,4
17169,6673,5
17637,6673,5
19922,6673,3
24682,6673,5
24707,6673,4
25333,6673,2
25850,6673,5
29168,6673,4
27614,6673,4
34604,6673,4
35147,6673,4
35569,6673,5
38700,6673,4
39315,6673,4
39813,6673,4
40159,6673,5
41309,6673,4
41580,6673,5
45321,6673,3
48091,6673,4
29182,6673,2
49852,6673,3
50822,6673,4
52181,6673,5
50132,6673,5
49582,6673,4
15491,6770,3
16509,6770,3
19979,6770,5
4250,6770,1
21442,6770,5
23900,6770,4
24322,6770,5
1490,6770,3
17982,6770,4
26189,6770,4
28429,6770,4
29357,6770,3
20500,6770,4
107,6770,4
30803,6770,3
32727,6770,5
37496,6770,3
45307,6770,3
46907,6770,5
44322,6770,4
49845,6770,2
40521,6770,4
46905,6770,5
40045,6770,4
4284,6809,4
26210,6809,5
30182,6809,3
30868,6809,5
31151,6809,2
48529,6809,5
44257,6809,5
5758,6809,5
8044,6809,5
28220,6809,4
1094,6809,4
2368,6809,4
52337,6809,5
25535,6809,5
14147,6809,4
41453,6809,4
3401,6809,5
7133,6809,4
52063,6809,5
26375,6809,5
18263,6809,5
25889,6809,5
44941,6809,5
3823,6809,4
52662,6809,5
36542,6809,4
14602,6809,5
41492,6809,5
26396,6809,5
2817,6836,3
3585,6836,4
3662,6836,5
5143,6836,5
13342,6836,3
13870,6836,5
15410,6836,5
17106,6836,5
27823,6836,5
31304,6836,4
31368,6836,4
32904,6836,5
36934,6836,5
18017,6836,3
32371,6836,4
34124,6836,4
41123,6836,5
11852,6836,4
34297,6836,4
28519,6836,4
46151,6836,5
46574,6836,5
47278,6836,4
51449,6836,5
50742,6836,5
20581,6836,5
32312,6836,4
42509,6836,5
718,6844,5
863,6844,3
2445,6844,5
7356,6844,3
7918,6844,4
10339,6844,4
10595,6844,5
9090,6844,4
15231,6844,5
16509,6844,5
815,6844,3
18004,6844,4
20743,6844,4
21127,6844,4
8097,6844,5
3481,6844,4
23602,6844,4
9522,6844,4
22585,6844,5
32957,6844,4
20337,6844,4
36994,6844,5
38133,6844,3
20022,6844,4
50352,6844,5
51621,6844,4
588,6844,4
3614,6867,3
7736,6867,4
15397,6867,3
13421,6867,5
25582,6867,4
10721,6867,4
27436,6867,3
10734,6867,4
19550,6867,4
21669,6867,4
29665,6867,4
29749,6867,5
35784,6867,5
36816,6867,5
24106,6867,3
37899,6867,5
38406,6867,3
41220,6867,5
40850,6867,4
46474,6867,4
35308,6867,5
23445,6867,4
31351,6867,5
49741,6867,3
11110,6883,3
8035,6883,3
17053,6883,2
14636,6883,4
6850,6883,4
22794,6883,3
30803,6883,3
33356,6883,5
33509,6883,4
31057,6883,5
5692,6883,4
38420,6883,5
6724,6883,2
39109,6883,5
7370,6883,3
39631,6883,4
1197,6883,3
15225,6883,4
40861,6883,4
7154,6883,5
41690,6883,4
19138,6883,3
38287,6883,5
3281,6883,2
6673,6883,4
27984,6883,4
44251,6883,3
37730,6883,4
6613,6883,2
47054,6883,4
49061,6883,4
36434,6883,4
48911,6883,3
47830,6883,4
51445,6883,2
45204,6883,3
48096,6883,3
3859,6883,3
40129,6883,4
1477,6883,4
194,6895,4
1888,6895,4
2737,6895,4
239,6895,4
1933,6895,3
699,6895,4
8379,6895,3
178,6895,4
12274,6895,4
12758,6895,3
24703,6895,3
11902,6895,5
12291,6895,3
16675,6895,5
35491,6895,3
14728,6895,2
41386,6895,4
40712,6895,4
18460,6895,3
20264,6895,4
8753,7023,5
9003,7023,3
9928,7023,4
9188,7023,4
10482,7023,5
16777,7023,5
17279,7023,4
18853,7023,3
21234,7023,3
21532,7023,2
33533,7023,4
34652,7023,4
35829,7023,5
36422,7023,5
34425,7023,4
27597,7023,1
35560,7023,2
9381,7023,1
40690,7023,4
45978,7023,5
46144,7023,3
37766,7023,4
47545,7023,2
46578,7023,3
12547,7033,5
41224,7033,4
47231,7033,4
46894,7033,4
33737,7033,5
20255,7033,5
50530,7033,4
25769,7033,5
9682,7033,3
11183,7033,4
20562,7033,4
39971,7033,4
25564,7033,3
5232,7033,4
38066,7033,3
3272,7033,1
12850,7033,4
37575,7033,3
15181,7033,3
24387,7033,5
10142,7035,5
11565,7035,5
12795,7035,3
6625,7035,4
16114,7035,5
19922,7035,5
21159,7035,4
25921,7035,5
27223,7035,5
28730,7035,5
8926,7035,5
34134,7035,4
15895,7035,3
35147,7035,4
20084,7035,4
10406,7035,5
37239,7035,4
37992,7035,4
38133,7035,4
37518,7035,4
40999,7035,4
42418,7035,3
43776,7035,4
40261,7035,5
45533,7035,5
10669,7035,5
20697,7035,5
10181,7035,4
28580,7035,4
31076,7035,4
50112,7035,4
48040,7035,3
39925,7035,3
33522,7035,4
12490,7147,5
8227,7147,2
3783,7147,4
20983,7147,5
16221,7147,5
20113,7147,5
24627,7147,4
29564,7147,4
14724,7147,2
31128,7147,3
36344,7147,3
36820,7147,5
25879,7147,4
22794,7147,3
10851,7147,4
26455,7147,5
48322,7147,3
51326,7147,5
52884,7147,4
37711,7147,4
32562,7147,2
7208,7279,5
24526,7279,3
25968,7279,3
33814,7279,5
31959,7279,4
34686,7279,4
522,7279,3
24991,7279,4
12844,7279,4
17601,7279,2
22933,7279,3
37103,7279,5
38237,7279,3
22927,7279,5
1563,7279,3
6,7279,4
10776,7279,4
5716,7279,4
47499,7279,4
588,7279,3
48055,7279,3
49091,7279,5
50900,7279,1
52016,7279,4
52889,7279,2
44715,7279,5
12933,7300,4
5707,7300,5
41799,7300,5
15544,7300,5
17139,7300,4
2249,7300,3
29304,7300,4
37160,7300,4
49276,7300,4
31789,7300,4
40973,7300,5
34940,7300,5
49993,7300,4
10774,7300,4
18731,7300,5
14147,7300,4
26535,7300,3
19357,7300,3
49253,7300,5
26532,7300,4
24166,7300,5
12597,7300,4
53223,7300,5
18580,7300,4
34894,7300,3
2445,7311,5
448,7311,3
1933,7311,4
4816,7311,4
3783,7311,4
16080,7311,4
13436,7311,3
18202,7311,4
21049,7311,3
2265,7311,2
23296,7311,5
28367,7311,4
10635,7311,4
32343,7311,3
33557,7311,4
34629,7311,5
36163,7311,3
39276,7311,3
39672,7311,4
20759,7311,2
19348,7311,3
21234,7311,2
47830,7311,3
14826,7311,3
18460,7311,4
52719,7311,4
46247,7311,4
12428,7311,3
30538,7311,3
45073,7311,3
1920,7311,3
4068,7397,4
12843,7397,5
4494,7397,3
1918,7397,3
7283,7397,4
17496,7397,3
33893,7397,4
2158,7397,1
23786,7397,4
2855,7397,4
15184,7397,2
37202,7397,5
15257,7397,4
5532,7397,3
12493,7397,3
38324,7397,3
38271,7397,4
1982,7397,3
28795,7397,5
51916,7397,4
15703,7397,4
52255,7397,2
45165,7397,4
2793,7397,2
584,7397,4
1492,7397,3
45932,7397,3
2113,7397,4
6467,7422,3
4718,7422,5
1803,7422,4
8919,7422,5
8383,7422,3
7075,7422,3
14953,7422,3
16523,7422,5
19711,7422,5
20112,7422,4
21547,7422,4
22988,7422,5
24519,7422,3
13345,7422,4
16032,7422,1
26480,7422,3
27757,7422,3
29461,7422,4
30014,7422,3
30704,7422,5
41378,7422,2
28666,7422,3
39627,7422,4
32796,7422,5
39391,7422,2
49737,7422,3
50185,7422,4
50442,7422,3
50621,7422,4
49663,7422,3
50629,7422,4
52011,7422,4
1918,7422,4
49502,7422,3
15139,7439,4
5690,7439,4
17743,7439,5
20223,7439,4
24609,7439,5
10240,7439,1
26160,7439,3
20777,7439,4
24307,7439,4
31128,7439,5
31034,7439,3
29485,7439,4
27107,7439,3
48992,7439,4
49511,7439,5
1684,7439,4
52720,7439,5
52955,7439,5
14693,7439,4
1003,7444,4
3825,7444,4
6014,7444,2
9797,7444,5
16120,7444,2
10870,7444,3
19218,7444,4
12198,7444,5
21816,7444,5
23945,7444,4
16552,7444,4
26147,7444,4
26551,7444,3
13372,7444,5
22390,7444,5
28939,7444,4
36101,7444,3
39249,7444,3
44378,7444,3
44425,7444,5
39718,7444,4
45494,7444,5
47132,7444,2
5631,7444,5
43278,7444,3
18722,7447,3
20289,7447,2
4532,7447,4
11288,7447,3
24341,7447,5
25910,7447,5
27638,7447,5
29136,7447,2
29490,7447,4
12847,7447,4
32991,7447,3
33502,7447,5
26562,7447,5
27064,7447,4
14872,7447,3
41950,7447,5
42444,7447,5
23124,7447,5
41407,7447,5
45579,7447,4
30930,7447,4
35664,7447,5
46351,7447,5
49194,7447,2
27365,7447,5
28707,7447,5
50680,7447,5
16703,7447,4
51446,7447,3
7798,7449,3
1519,7449,4
12055,7449,1
20743,7449,4
8097,7449,4
26471,7449,4
2442,7449,4
23602,7449,4
32957,7449,1
27921,7449,4
8989,7449,4
42588,7449,4
45184,7449,4
46924,7449,2
45777,7449,2
30624,7449,5
13089,7449,4
6092,7449,4
36109,7449,2
17686,7474,4
9169,7474,3
13812,7474,5
18646,7474,5
13402,7474,2
107,7474,3
27018,7474,5
40236,7474,5
24832,7474,3
11640,7474,2
4162,7474,4
13791,7474,4
6573,7474,3
3271,7474,4
44807,7474,5
44069,7474,4
48357,7474,4
17754,7474,3
48317,7474,4
10405,7474,4
9344,7474,4
23956,7474,3
48684,7474,4
9746,7474,4
21714,7474,3
3268,7474,3
32511,7474,4
46227,7474,4
20554,7474,3
13619,7474,4
16745,7474,4
2989,7474,3
16736,7474,3
17189,7474,3
44207,7474,4
13929,7474,4
33111,7474,4
5716,7491,3
6356,7491,4
1092,7491,2
8148,7491,2
2795,7491,4
10851,7491,3
10969,7491,5
5067,7491,4
15626,7491,4
22033,7491,4
24631,7491,3
24451,7491,4
35680,7491,3
13678,7491,3
30050,7491,3
27271,7491,2
42282,7491,4
34629,7491,4
12154,7491,4
38517,7491,4
49436,7491,4
33180,7491,5
17925,7491,5
6821,7539,4
10421,7539,4
3709,7539,4
10398,7539,4
666,7539,3
16691,7539,5
17276,7539,4
24014,7539,4
29262,7539,3
21570,7539,5
12043,7539,3
30248,7539,3
36129,7539,4
35890,7539,5
27390,7539,3
31130,7539,4
11052,7539,5
40978,7539,3
41693,7539,5
42711,7539,3
44084,7539,5
45765,7539,4
46663,7539,4
2765,7539,5
51859,7539,3
52728,7539,5
4611,7589,4
14380,7589,4
16216,7589,5
27573,7589,5
28445,7589,4
30116,7589,4
35111,7589,4
36552,7589,5
11717,7589,5
22416,7589,4
5897,7589,3
13620,7589,5
41943,7589,5
40999,7589,4
38988,7589,5
32736,7589,5
24296,7589,4
41960,7589,4
32493,7589,4
17351,7589,5
27911,7589,5
48404,7589,5
49602,7589,4
34198,7589,4
3560,7589,4
50200,7589,5
10838,7589,4
39844,7589,5
51401,7589,3
51770,7589,5
51741,7589,4
52019,7589,3
17649,7589,5
52602,7589,5
52854,7589,4
52955,7589,5
30852,7589,5
30357,7589,4
5407,7589,4
570,7589,5
50481,7589,3
15231,7638,4
9831,7638,4
16116,7638,5
16513,7638,5
7421,7638,4
6322,7638,3
19922,7638,4
21984,7638,5
22924,7638,5
8557,7638,1
28730,7638,5
31551,7638,4
34604,7638,4
36140,7638,3
9576,7638,4
17598,7638,3
37992,7638,5
13880,7638,3
14783,7638,4
40999,7638,5
42493,7638,5
39982,7638,5
41960,7638,4
46898,7638,3
45388,7638,5
50112,7638,5
42418,7638,3
52019,7638,2
52055,7638,5
39276,7638,4
52644,7638,4
52802,7638,5
53014,7638,5
42618,7638,5
29793,7673,4
5410,7673,4
6573,7673,3
43138,7673,3
15987,7673,1
6848,7673,3
43550,7673,3
36336,7673,4
33410,7673,4
9891,7673,5
18136,7673,4
17336,7673,4
8196,7673,3
36796,7673,4
11932,7673,4
34282,7673,4
20627,7673,4
15225,7673,3
25916,7673,4
2855,7673,3
51885,7673,4
1186,7673,3
12339,7673,4
28251,7673,5
8599,7673,3
36820,7673,1
44419,7673,2
6759,7673,4
52997,7673,4
35820,7673,3
42886,7673,4
4236,7673,4
33141,7673,3
19778,7673,4
1892,7699,5
8500,7699,4
5434,7699,5
15839,7699,2
23012,7699,5
33698,7699,4
2462,7699,4
41672,7699,3
29588,7699,3
5735,7699,5
44840,7699,4
20759,7699,2
41116,7699,3
4888,7699,4
25379,7699,3
37207,7699,3
15738,7699,4
48684,7699,5
12347,7699,4
51860,7699,3
16742,7699,2
13505,7699,4
3004,7724,3
12894,7724,4
13072,7724,3
15999,7724,5
12933,7724,4
17556,7724,5
17723,7724,3
18853,7724,4
25495,7724,2
26644,7724,4
25050,7724,3
32682,7724,5
37362,7724,3
38935,7724,5
40589,7724,5
42848,7724,3
43186,7724,2
44077,7724,5
27594,7724,3
51919,7724,4
53341,7724,4
47156,7724,3
1631,7783,2
5323,7783,3
10645,7783,3
13532,7783,3
15234,7783,3
13468,7783,4
15429,7783,3
18176,7783,5
23602,7783,5
6250,7783,4
26551,7783,5
26643,7783,2
20627,7783,5
28972,7783,4
31424,7783,4
32289,7783,4
34909,7783,4
29191,7783,4
31057,7783,3
45364,7783,5
15581,7783,3
24070,7783,4
34462,7783,5
584,7783,3
50900,7783,1
50652,7783,4
27271,7783,3
49591,7783,4
5805,7783,4
49582,7783,3
47704,7783,3
8022,7824,3
9230,7824,4
9576,7824,4
10022,7824,4
10473,7824,3
10534,7824,4
13532,7824,4
13706,7824,5
13072,7824,4
13218,7824,4
19115,7824,4
20084,7824,5
1223,7824,5
24196,7824,3
34596,7824,5
37388,7824,5
37271,7824,5
40550,7824,3
40874,7824,5
34774,7824,5
44310,7824,5
17783,7824,4
46223,7824,4
26906,7824,4
50200,7824,4
14826,7824,3
50822,7824,3
5363,7855,4
14735,7855,4
21609,7855,5
23229,7855,4
23373,7855,3
27984,7855,4
29792,7855,5
30309,7855,5
30982,7855,5
33820,7855,5
36235,7855,5
36346,7855,5
39116,7855,3
13678,7855,4
39539,7855,5
39631,7855,5
7303,7855,5
43473,7855,5
46047,7855,4
4718,7855,5
48730,7855,5
48992,7855,5
45585,7855,5
48982,7855,5
1360,7855,4
53266,7855,4
42886,7855,4
12104,7855,3
50652,7855,5
9203,7882,3
15839,7882,4
5770,7882,4
24179,7882,4
13106,7882,3
39755,7882,4
46905,7882,3
27984,7882,3
46379,7882,5
48187,7882,1
23167,7882,4
25582,7882,3
52997,7882,3
53105,7882,4
23682,7882,1
3168,7890,3
6423,7890,3
9432,7890,5
9323,7890,3
16042,7890,2
17382,7890,5
17647,7890,5
18575,7890,5
20223,7890,4
18717,7890,4
23362,7890,4
20786,7890,4
23501,7890,4
25893,7890,3
26048,7890,5
10107,7890,4
32429,7890,5
21694,7890,5
34105,7890,3
36690,7890,5
18222,7890,4
27776,7890,3
49243,7890,3
49196,7890,4
49264,7890,3
32312,7890,3
51449,7890,4
9322,7925,5
5783,7925,5
17937,7925,5
18225,7925,5
20024,7925,5
20304,7925,5
20760,7925,4
21252,7925,5
21789,7925,4
13127,7925,5
24018,7925,5
24296,7925,2
25232,7925,1
25992,7925,5
3096,7925,3
28690,7925,2
34980,7925,5
26341,7925,4
36316,7925,3
37115,7925,2
37323,7925,3
37818,7925,5
37481,7925,4
38886,7925,5
23236,7925,4
43556,7925,5
22696,7925,5
45227,7925,4
45652,7925,5
46040,7925,1
43628,7925,4
46250,7925,5
47071,7925,3
49401,7925,4
36558,7925,4
5049,7925,5
52791,7925,5
53235,7925,4
41086,7925,5
2881,7925,5
857,8012,4
4255,8012,5
6311,8012,4
8896,8012,4
4739,8012,2
11039,8012,3
12842,8012,4
15490,8012,3
15622,8012,4
15894,8012,4
17268,8012,3
19037,8012,4
21946,8012,3
23412,8012,3
24832,8012,3
6130,8012,3
17044,8012,4
20645,8012,1
33129,8012,4
36622,8012,4
33745,8012,3
41190,8012,5
33029,8012,5
26928,8012,4
42706,8012,4
46338,8012,4
26116,8012,4
36211,8012,5
27228,8012,4
48902,8012,4
25772,8012,3
49162,8012,4
20581,8012,4
46184,8012,3
12763,8012,3
2327,8060,4
33057,8060,5
34231,8060,5
35575,8060,3
4311,8060,2
13872,8060,3
5692,8060,3
28326,8060,3
37207,8060,3
13600,8060,3
47909,8060,3
47727,8060,2
52701,8060,4
53045,8060,3
11548,8060,5
6044,8060,3
30516,8060,3
7133,8060,3
37108,8060,4
52287,8060,5
2989,8060,3
18063,8060,4
42509,8060,4
21485,8060,5
7008,8115,3
13191,8115,5
21690,8115,5
23695,8115,5
25106,8115,2
26471,8115,4
37898,8115,4
9299,8115,4
38446,8115,3
18263,8115,5
28517,8115,4
41361,8115,3
39183,8115,5
11051,8115,5
17165,8115,5
43412,8115,3
47211,8115,4
47873,8115,3
48262,8115,2
26670,8115,5
8208,8115,5
53116,8115,3
23786,8115,4
7673,8425,4
7208,8425,5
10752,8425,5
23754,8425,5
17995,8425,5
25699,8425,5
11565,8425,3
30843,8425,5
22033,8425,4
34464,8425,5
22585,8425,3
35349,8425,3
30728,8425,2
38057,8425,5
39223,8425,4
40001,8425,5
41881,8425,4
43529,8425,4
44720,8425,4
24322,8425,4
45819,8425,2
12883,8425,1
41885,8425,4
8756,8425,4
46082,8425,4
13400,8425,3
25556,8425,4
53266,8425,4
11409,8443,5
13964,8443,4
14380,8443,5
14870,8443,4
17055,8443,5
26120,8443,5
24764,8443,2
24117,8443,2
22198,8443,4
31639,8443,4
33051,8443,2
33321,8443,5
25012,8443,3
41092,8443,2
41245,8443,5
42017,8443,4
43829,8443,4
48017,8443,3
37197,8443,2
48057,8443,4
44286,8443,3
86,8456,2
1895,8456,2
3346,8456,3
4788,8456,4
5674,8456,5
6002,8456,4
1674,8456,3
10293,8456,5
10339,8456,5
13191,8456,5
14942,8456,5
23311,8456,5
6134,8456,5
30342,8456,5
122,8456,3
35005,8456,3
35918,8456,3
36582,8456,3
15188,8456,5
10389,8456,5
24852,8456,4
45702,8456,4
15710,8456,5
46108,8456,5
48101,8456,4
31030,8456,4
37037,8456,4
33310,8456,5
15259,8456,4
20079,8462,4
13964,8462,3
25983,8462,5
11205,8462,3
24117,8462,4
28975,8462,5
16414,8462,2
18533,8462,3
33520,8462,5
34297,8462,3
29407,8462,4
36540,8462,5
11710,8462,4
28312,8462,2
32796,8462,3
39707,8462,5
13251,8462,4
35090,8462,3
33937,8462,4
30675,8462,3
46570,8462,4
36505,8462,4
21345,8462,4
44132,8462,3
48405,8462,4
50527,8462,4
8738,8462,3
32501,8462,4
10362,8544,3
6571,8544,4
18904,8544,3
16758,8544,4
27477,8544,4
30874,8544,4
37239,8544,5
38042,8544,5
37904,8544,3
25073,8544,4
40455,8544,4
48055,8544,3
48662,8544,3
50141,8544,4
53204,8544,4
46172,8580,5
11612,8580,4
15306,8580,4
26480,8580,4
13465,8580,4
48096,8580,4
13256,8580,5
14949,8580,4
53267,8580,4
15703,8580,3
40861,8580,3
32934,8580,5
47176,8580,5
22908,8580,5
49502,8580,4
5507,8580,4
2288,8588,4
2445,8588,5
9024,8588,2
1326,8588,4
10635,8588,5
131,8588,2
15231,8588,5
11612,8588,5
970,8588,2
20743,8588,3
12501,8588,4
21127,8588,4
32826,8588,3
34683,8588,4
9576,8588,5
36994,8588,4
39170,8588,4
2486,8588,4
39775,8588,4
14181,8588,4
15128,8588,3
584,8588,4
18460,8588,3
24508,8588,3
34012,8588,4
30624,8588,5
43454,8588,3
9522,8588,3
33822,8588,3
28995,8588,2
33745,8588,3
7086,8628,4
21409,8628,4
32760,8628,4
14927,8628,4
26437,8628,3
13726,8628,3
16951,8628,3
36100,8628,4
24283,8628,5
25314,8628,4
34998,8628,2
46905,8628,2
4068,8628,3
50522,8628,5
44354,8628,5
31726,8628,5
45332,8628,4
41453,8628,3
42058,8628,4
11186,8628,5
12256,8644,2
24187,8644,4
11360,8644,4
15389,8644,3
14824,8644,2
27359,8644,3
26611,8644,2
33029,8644,5
30016,8644,2
14006,8644,4
24821,8644,3
34073,8644,3
33976,8644,4
21571,8644,5
15496,8644,2
44450,8644,5
5977,8644,4
43440,8644,3
41157,8644,3
1575,8644,3
48422,8644,4
15485,8644,4
40605,8644,4
15292,8644,3
16115,8644,4
24476,8644,4
2989,8644,3
53238,8644,4
23129,8644,3
38990,8644,3
26919,8644,5
16729,8644,5
12503,8685,4
31170,8685,4
12029,8685,5
32448,8685,5
45956,8685,4
13418,8685,4
51279,8685,3
9080,8685,3
14722,8685,5
19339,8685,4
46128,8685,5
17445,8685,4
15354,8685,5
13275,8685,4
8073,8685,4
29663,8685,1
16745,8685,4
53105,8685,3
40532,8712,3
50383,8712,5
5994,8712,2
48684,8712,5
12493,8712,4
48514,8712,4
52251,8712,4
52367,8712,4
1918,8712,5
34660,8712,3
26,8814,4
2705,8814,4
6077,8814,4
4672,8814,4
11626,8814,2
15218,8814,3
15484,8814,5
14577,8814,5
19176,8814,3
19321,8814,3
3510,8814,4
20113,8814,5
22349,8814,5
27087,8814,4
27979,8814,4
6972,8814,4
32293,8814,3
33555,8814,2
10971,8814,4
36488,8814,3
9102,8814,3
43329,8814,5
46447,8814,4
5505,8814,4
51925,8814,3
52377,8814,5
1519,8814,5
25535,8814,5
42920,8814,4
3655,8814,5
2974,8830,2
3646,8830,3
4448,8830,3
5030,8830,3
4663,8830,4
5703,8830,3
6261,8830,2
5465,8830,5
6311,8830,4
7989,8830,3
9101,8830,3
8461,8830,2
8896,8830,4
4739,8830,2
11039,8830,3
12842,8830,4
13625,8830,4
15622,8830,4
15645,8830,3
15894,8830,4
16430,8830,3
10421,8830,4
17268,8830,4
24832,8830,3
6130,8830,3
17044,8830,3
33129,8830,4
20233,8830,4
36671,8830,5
36152,8830,3
23591,8830,2
42804,8830,4
44314,8830,4
45914,8830,2
48505,8830,5
49432,8830,2
20581,8830,5
12104,8830,3
12763,8830,5
47841,8830,3
2966,8872,4
6802,8872,4
9335,8872,5
13342,8872,2
15410,8872,5
17693,8872,3
17885,8872,5
19016,8872,5
16674,8872,4
24184,8872,3
10620,8872,4
24719,8872,3
22514,8872,4
28918,8872,4
30337,8872,4
31171,8872,4
31304,8872,5
32036,8872,3
22619,8872,4
33639,8872,4
30231,8872,3
46151,8872,4
46361,8872,4
46574,8872,5
45696,8872,4
31224,8872,5
48645,8872,4
49243,8872,3
49821,8872,5
37095,8872,4
51140,8872,5
24817,8872,4
51013,8872,3
44740,8872,3
699,8923,3
522,8923,4
1931,8923,4
1610,8923,4
18589,8923,4
18623,8923,5
23945,8923,4
31776,8923,5
33804,8923,2
34018,8923,5
39503,8923,3
43068,8923,3
45421,8923,3
16352,8923,1
47378,8923,4
24164,8923,5
33822,8923,5
13178,8923,3
37711,8923,5
7364,8923,2
36285,8923,3
22794,8960,3
16509,8960,2
24951,8960,3
10872,8960,3
5466,8960,3
5994,8960,3
25968,8960,3
12460,8960,4
28148,8960,3
24526,8960,1
28742,8960,3
15987,8960,1
9169,8960,2
36141,8960,4
9891,8960,3
12787,8960,3
13989,8960,1
8599,8960,3
32438,8960,3
13600,8960,3
47128,8960,4
48355,8960,3
49249,8960,3
8795,8960,2
22037,8960,2
25733,8960,3
24283,8985,5
23142,8985,3
11976,8985,4
23120,8985,3
27588,8985,4
19340,8985,2
34604,8985,5
37475,8985,5
24832,8985,3
38167,8985,1
31144,8985,4
46536,8985,5
4786,8985,4
21199,8985,5
39854,8985,3
51553,8985,4
9041,9003,5
17325,9003,4
3170,9003,2
12081,9003,5
15110,9003,2
9010,9003,4
24991,9003,5
5067,9003,4
33196,9003,5
27929,9003,5
6226,9003,2
36476,9003,5
23319,9003,3
29409,9003,4
12159,9003,3
23609,9003,4
12011,9003,3
45272,9003,3
45991,9003,4
23993,9003,4
38623,9003,2
31424,9003,3
52714,9003,3
50005,9003,4
32718,9003,4
43107,9003,5
427,9036,3
2497,9036,5
4788,9036,5
6002,9036,4
6878,9036,5
7798,9036,3
10404,9036,4
1005,9036,5
5103,9036,4
15000,9036,5
13479,9036,3
1732,9036,3
30019,9036,5
31203,9036,5
32169,9036,5
35868,9036,5
25560,9036,2
28732,9036,2
26396,9036,3
20507,9036,4
45777,9036,3
42605,9036,4
9799,9036,3
39183,9036,3
21198,9036,3
34012,9036,4
171,9114,5
1884,9114,3
1977,9114,4
2125,9114,4
1003,9114,4
1600,9114,4
5141,9114,5
5862,9114,5
6095,9114,4
5982,9114,5
7083,9114,5
7122,9114,4
9610,9114,5
11048,9114,4
15818,9114,5
7805,9114,5
26630,9114,5
35330,9114,4
45932,9114,4
43538,9114,5
49913,9114,4
47969,9114,3
18386,9114,4
51893,9114,5
48548,9114,5
5904,9140,3
7099,9140,5
13022,9140,3
14870,9140,5
7228,9140,3
22016,9140,4
19431,9140,4
19282,9140,4
28862,9140,4
39507,9140,5
42646,9140,5
24827,9140,5
14478,9140,5
11474,9140,3
48039,9140,4
11425,9140,2
27931,9140,4
20136,9140,5
38757,9140,4
48057,9140,4
5931,9140,5
13698,9148,4
16293,9148,1
8961,9148,4
18024,9148,1
17382,9148,5
19610,9148,4
23724,9148,5
23387,9148,5
32356,9148,5
25219,9148,4
34552,9148,4
41434,9148,5
42444,9148,5
44678,9148,5
44725,9148,5
42401,9148,4
46460,9148,3
50010,9148,4
47896,9148,3
51446,9148,4
46865,9148,4
15171,9196,5
12642,9196,5
7597,9196,2
18663,9196,4
5298,9196,3
33141,9196,3
32395,9196,4
12782,9196,3
28802,9196,5
5434,9196,5
28512,9196,4
18982,9196,4
10161,9196,4
24376,9196,2
46128,9196,4
38167,9196,4
1684,9196,4
40401,9196,3
43575,9196,5
50622,9196,4
6130,9196,5
1557,9196,3
52523,9196,3
6724,9196,4
28218,9196,4
11852,9196,3
33737,9196,3
508,9199,5
9285,9199,2
13731,9199,4
14452,9199,5
15047,9199,2
16817,9199,4
17779,9199,4
15764,9199,2
20325,9199,5
7019,9199,4
21469,9199,5
11254,9199,4
20617,9199,3
25972,9199,2
23465,9199,4
25096,9199,4
36933,9199,3
29989,9199,4
39971,9199,3
45488,9199,3
23868,9199,4
17757,9199,3
4822,9267,5
6225,9267,3
375,9267,1
6276,9267,4
7188,9267,2
8641,9267,3
5812,9267,2
10586,9267,3
12122,9267,3
12434,9267,3
9124,9267,3
14654,9267,3
15054,9267,3
15626,9267,4
17111,9267,3
19044,9267,5
14741,9267,3
22609,9267,3
23025,9267,4
27520,9267,3
14165,9267,3
29932,9267,1
28512,9267,3
33474,9267,5
10046,9267,3
36994,9267,2
42628,9267,3
36886,9267,5
45059,9267,4
35539,9267,4
46487,9267,3
28896,9267,1
49601,9267,3
51326,9267,4
35820,9267,4
12339,9267,3
47704,9267,3
33111,9267,3
16406,9281,4
20600,9281,4
25857,9281,5
33472,9281,4
33585,9281,4
35198,9281,4
34104,9281,4
38092,9281,4
39249,9281,5
39251,9281,4
39389,9281,2
10047,9281,4
40470,9281,3
40815,9281,4
30445,9281,4
15225,9281,5
15888,9281,5
43294,9281,5
44423,9281,4
38235,9281,3
45494,9281,5
15721,9281,5
40165,9281,4
43835,9281,3
42292,9281,3
48247,9281,3
46170,9281,4
33161,9281,3
47850,9281,5
7736,9281,4
171,9303,4
2084,9303,4
1034,9303,4
9422,9303,5
11612,9303,5
18623,9303,4
19310,9303,5
21802,9303,3
22177,9303,3
24462,9303,5
31895,9303,5
29513,9303,4
15429,9303,5
3419,9303,4
14181,9303,5
33101,9303,4
39586,9303,5
24921,9303,5
47842,9303,5
29700,9303,3
3455,9330,3
8394,9330,5
2698,9330,4
9479,9330,3
9722,9330,3
12109,9330,5
8842,9330,4
13218,9330,3
16173,9330,4
18935,9330,2
1223,9330,5
32034,9330,4
14359,9330,5
33336,9330,5
37152,9330,5
37924,9330,5
38778,9330,4
39239,9330,4
9983,9330,3
45148,9330,5
46223,9330,4
28240,9330,5
48172,9330,5
44970,9330,3
50200,9330,3
51312,9330,4
45437,9330,4
53038,9330,3
50444,9330,4
35991,9330,4
31133,9330,2
52714,9330,4
27091,9330,4
36850,9330,4
12995,9346,3
11671,9346,4
13839,9346,4
13870,9346,5
15114,9346,3
4602,9346,2
17939,9346,5
18940,9346,4
12847,9346,3
19989,9346,4
13812,9346,4
5692,9346,5
10620,9346,4
10056,9346,3
23292,9346,4
9763,9346,4
21694,9346,5
36363,9346,2
12743,9346,3
34124,9346,4
21373,9346,5
31067,9346,4
37912,9346,5
2211,9346,5
32910,9346,5
52006,9346,5
53045,9346,3
26286,9346,4
51449,9346,4
2448,9400,5
8257,9400,3
11653,9400,2
17227,9400,3
19492,9400,5
20730,9400,2
24547,9400,4
23334,9400,3
29240,9400,5
31128,9400,4
33173,9400,3
14574,9400,4
40372,9400,4
7303,9400,5
39386,9400,3
15088,9400,2
36235,9400,4
23609,9400,5
44940,9400,3
46883,9400,5
47402,9400,5
36796,9400,3
2158,9400,4
51156,9400,4
31951,9400,3
42511,9400,5
52726,9400,4
25972,9400,2
52098,9400,4
28415,9400,2
51376,9400,3
48799,9400,5
52095,9400,5
17677,9400,4
34695,9400,3
35980,9400,5
41278,9488,3
25547,9488,5
42894,9488,3
40519,9488,3
2549,9488,4
7774,9488,3
46227,9488,4
22450,9488,4
18136,9488,4
49166,9488,5
49262,9488,3
5811,9488,4
17686,9488,3
49705,9488,5
49966,9488,5
87,9488,3
33053,9488,3
50881,9488,5
3559,9488,3
52768,9488,5
47267,9488,5
50202,9488,5
37770,9488,5
24469,9488,4
20289,9488,4
34400,9488,5
16729,9488,5
18142,9500,4
17949,9500,3
29624,9500,5
30672,9500,5
25012,9500,5
26378,9500,3
35093,9500,4
38971,9500,2
38164,9500,5
38662,9500,5
31859,9500,5
39707,9500,5
29608,9500,3
44969,9500,3
46188,9500,3
46936,9500,3
49990,9500,3
50527,9500,3
6616,9530,4
16717,9530,3
18940,9530,4
37472,9530,4
21042,9530,2
47369,9530,4
22635,9530,3
87,9530,3
12104,9530,3
24630,9530,4
9253,9530,3
14595,9530,4
31989,9530,4
40900,9530,3
2035,9533,4
4649,9533,3
8339,9533,5
10125,9533,4
10334,9533,4
3142,9533,3
12479,9533,4
15860,9533,3
23211,9533,5
29945,9533,4
13560,9533,4
26396,9533,4
13176,9533,3
33266,9533,2
3173,9533,4
36031,9533,4
48613,9533,4
12154,9533,4
36558,9533,4
42107,9533,5
52793,9533,5
18355,9533,3
9432,9603,5
14478,9603,5
18032,9603,5
3491,9603,4
25235,9603,4
31802,9603,5
32356,9603,4
33639,9603,4
30405,9603,5
41146,9603,4
49990,9603,4
29172,9603,4
49196,9603,4
52476,9603,4
19594,9603,4
4827,9699,5
6322,9699,4
9667,9699,3
14990,9699,3
11395,9699,4
9351,9699,4
33073,9699,3
33765,9699,4
34940,9699,4
276,9699,3
27594,9699,3
38826,9699,4
39315,9699,4
41191,9699,5
41249,9699,3
31807,9699,3
48310,9699,5
27306,9699,3
41986,9699,3
52954,9699,4
48040,9699,3
42418,9699,3
47727,9719,1
24431,9719,4
47830,9719,5
1566,9719,3
12102,9719,3
28141,9719,4
38108,9719,4
19189,9719,3
1299,9719,3
13767,9719,3
1019,9719,3
9130,9719,3
19339,9719,3
18932,9719,4
1477,9719,4
41015,9719,3
34676,9719,5
51875,9719,4
45068,9719,3
38066,9719,3
44934,9719,3
17922,9719,3
52612,9719,4
11296,9719,4
53105,9719,4
10378,9719,3
3079,9794,2
4250,9794,5
5070,9794,1
1355,9794,1
1859,9794,4
635,9794,5
11030,9794,5
1447,9794,3
5466,9794,3
5669,9794,2
21213,9794,4
21256,9794,4
21442,9794,3
21727,9794,3
17008,9794,4
13089,9794,5
7104,9794,4
37834,9794,5
38101,9794,5
23788,9794,3
42072,9794,5
42416,9794,4
46487,9794,4
19056,9794,3
49845,9794,3
30814,9794,3
50923,9794,3
19015,9794,4
9851,9837,5
7622,9837,4
6335,9837,3
1391,9837,5
36971,9837,3
36427,9837,1
14371,9837,5
9203,9837,3
46648,9837,3
40280,9837,2
24950,9837,5
24264,9837,4
21748,9837,5
51036,9837,5
16140,9837,4
53208,9837,3
51555,9837,5
33219,9837,4
30667,9837,3
24635,9837,3
32382,9837,4
48534,9882,4
16140,9882,4
32609,9882,4
31186,9882,2
17949,9882,4
45205,9882,4
12374,9882,4
46265,9882,4
7622,9882,4
18020,9882,3
25218,9882,4
14867,9882,4
5432,9882,3
45144,9882,3
24464,9882,4
40280,9882,3
50204,9882,4
48390,9882,3
30883,9882,4
3776,9882,2
41627,9882,4
50843,9882,5
51099,9882,4
51699,9882,3
16420,9882,4
44324,9882,5
33155,9882,4
3470,9897,4
10461,9897,5
11283,9897,5
21913,9897,4
28879,9897,5
40690,9897,5
44856,9897,5
47486,9897,2
49249,9897,2
49704,9897,4
50287,9897,3
30400,9897,5
51682,9897,4
52746,9897,5
497,9988,3
13636,9988,5
17216,9988,5
18975,9988,5
15581,9988,5
15174,9988,3
21260,9988,3
23693,9988,4
24304,9988,4
24406,9988,5
25358,9988,4
26222,9988,4
36242,9988,4
36917,9988,5
8716,9988,4
47132,9988,4
